vce,ic0u5,ic1u0,ic2u0,ic3u0,ic4u0,ic5u0,ic6u0
0.000,-22.90E-6,-32.61E-6,-42.32E-6,-47.87E-6,-51.77E-6,-54.78E-6,-57.25E-6
5.000E-3,-4.992E-6,-7.767E-6,-10.96E-6,-13.02E-6,-14.58E-6,-15.87E-6,-16.98E-6
10.00E-3,13.21E-6,17.35E-6,20.59E-6,21.97E-6,22.70E-6,23.12E-6,23.35E-6
15.00E-3,31.63E-6,42.67E-6,52.28E-6,57.06E-6,60.06E-6,62.16E-6,63.72E-6
20.00E-3,50.16E-6,68.14E-6,84.07E-6,92.21E-6,97.47E-6,101.2E-6,104.1E-6
25.00E-3,68.73E-6,93.69E-6,115.9E-6,127.4E-6,134.9E-6,140.3E-6,144.5E-6
30.00E-3,87.25E-6,119.3E-6,147.8E-6,162.6E-6,172.3E-6,179.4E-6,184.9E-6
35.00E-3,105.6E-6,144.8E-6,179.7E-6,197.8E-6,209.7E-6,218.5E-6,225.3E-6
40.00E-3,123.8E-6,170.3E-6,211.5E-6,233.0E-6,247.1E-6,257.5E-6,265.6E-6
45.00E-3,141.7E-6,195.6E-6,243.3E-6,268.0E-6,284.4E-6,296.4E-6,305.9E-6
50.00E-3,159.2E-6,220.7E-6,274.9E-6,303.0E-6,321.6E-6,335.3E-6,346.0E-6
55.00E-3,176.3E-6,245.6E-6,306.4E-6,337.9E-6,358.7E-6,374.1E-6,386.1E-6
60.00E-3,192.9E-6,270.2E-6,337.8E-6,372.6E-6,395.7E-6,412.7E-6,426.1E-6
65.00E-3,208.9E-6,294.5E-6,368.9E-6,407.2E-6,432.5E-6,451.2E-6,465.9E-6
70.00E-3,224.2E-6,318.4E-6,399.8E-6,441.5E-6,469.2E-6,489.6E-6,505.7E-6
75.00E-3,238.9E-6,341.8E-6,430.5E-6,475.7E-6,505.6E-6,527.8E-6,545.2E-6
80.00E-3,252.8E-6,364.8E-6,460.8E-6,509.6E-6,541.9E-6,565.8E-6,584.6E-6
85.00E-3,265.9E-6,387.2E-6,490.9E-6,543.3E-6,578.0E-6,603.6E-6,623.8E-6
90.00E-3,278.2E-6,409.1E-6,520.7E-6,576.8E-6,613.8E-6,641.2E-6,662.8E-6
95.00E-3,289.7E-6,430.3E-6,550.1E-6,609.9E-6,649.3E-6,678.5E-6,701.5E-6
100.0E-3,300.3E-6,450.9E-6,579.1E-6,642.7E-6,684.6E-6,715.6E-6,740.1E-6
105.0E-3,310.0E-6,470.8E-6,607.7E-6,675.3E-6,719.6E-6,752.5E-6,778.4E-6
110.0E-3,318.9E-6,490.0E-6,636.0E-6,707.5E-6,754.4E-6,789.1E-6,816.5E-6
115.0E-3,326.9E-6,508.3E-6,663.8E-6,739.4E-6,788.8E-6,825.4E-6,854.3E-6
120.0E-3,334.1E-6,525.9E-6,691.1E-6,770.9E-6,822.9E-6,861.4E-6,891.8E-6
125.0E-3,340.5E-6,542.6E-6,718.0E-6,802.0E-6,856.7E-6,897.1E-6,929.0E-6
130.0E-3,346.3E-6,558.4E-6,744.4E-6,832.8E-6,890.1E-6,932.5E-6,965.9E-6
135.0E-3,351.3E-6,573.3E-6,770.4E-6,863.2E-6,923.2E-6,967.5E-6,1.003E-3
140.0E-3,355.7E-6,587.3E-6,795.7E-6,893.2E-6,955.9E-6,1.002E-3,1.039E-3
145.0E-3,359.5E-6,600.3E-6,820.6E-6,922.8E-6,988.3E-6,1.037E-3,1.075E-3
150.0E-3,362.9E-6,612.3E-6,844.9E-6,951.9E-6,1.020E-3,1.071E-3,1.111E-3
155.0E-3,365.7E-6,623.4E-6,868.6E-6,980.7E-6,1.052E-3,1.104E-3,1.146E-3
160.0E-3,368.2E-6,633.5E-6,891.7E-6,1.009E-3,1.083E-3,1.138E-3,1.181E-3
165.0E-3,370.3E-6,642.7E-6,914.2E-6,1.037E-3,1.114E-3,1.171E-3,1.215E-3
170.0E-3,372.1E-6,650.9E-6,936.0E-6,1.064E-3,1.145E-3,1.203E-3,1.250E-3
175.0E-3,373.7E-6,658.3E-6,957.2E-6,1.091E-3,1.175E-3,1.235E-3,1.284E-3
180.0E-3,375.0E-6,664.8E-6,977.7E-6,1.118E-3,1.204E-3,1.267E-3,1.317E-3
185.0E-3,376.1E-6,670.5E-6,997.4E-6,1.144E-3,1.234E-3,1.299E-3,1.350E-3
190.0E-3,377.0E-6,675.6E-6,1.016E-3,1.170E-3,1.263E-3,1.330E-3,1.383E-3
195.0E-3,377.8E-6,679.9E-6,1.035E-3,1.195E-3,1.291E-3,1.361E-3,1.415E-3
200.0E-3,378.5E-6,683.7E-6,1.052E-3,1.219E-3,1.319E-3,1.391E-3,1.448E-3
205.0E-3,379.0E-6,686.9E-6,1.069E-3,1.244E-3,1.347E-3,1.421E-3,1.479E-3
210.0E-3,379.5E-6,689.7E-6,1.084E-3,1.267E-3,1.374E-3,1.451E-3,1.511E-3
215.0E-3,379.9E-6,692.0E-6,1.099E-3,1.290E-3,1.401E-3,1.480E-3,1.542E-3
220.0E-3,380.2E-6,694.0E-6,1.113E-3,1.313E-3,1.428E-3,1.509E-3,1.572E-3
225.0E-3,380.5E-6,695.6E-6,1.126E-3,1.335E-3,1.454E-3,1.537E-3,1.602E-3
230.0E-3,380.7E-6,697.0E-6,1.138E-3,1.356E-3,1.479E-3,1.565E-3,1.632E-3
235.0E-3,380.9E-6,698.1E-6,1.149E-3,1.377E-3,1.505E-3,1.593E-3,1.662E-3
240.0E-3,381.0E-6,699.1E-6,1.159E-3,1.397E-3,1.530E-3,1.621E-3,1.691E-3
245.0E-3,381.1E-6,699.8E-6,1.168E-3,1.416E-3,1.554E-3,1.648E-3,1.720E-3
250.0E-3,381.2E-6,700.4E-6,1.176E-3,1.435E-3,1.578E-3,1.674E-3,1.749E-3
255.0E-3,381.3E-6,700.9E-6,1.183E-3,1.453E-3,1.601E-3,1.701E-3,1.777E-3
260.0E-3,381.4E-6,701.3E-6,1.190E-3,1.470E-3,1.624E-3,1.727E-3,1.805E-3
265.0E-3,381.4E-6,701.6E-6,1.195E-3,1.487E-3,1.647E-3,1.752E-3,1.832E-3
270.0E-3,381.4E-6,701.8E-6,1.200E-3,1.502E-3,1.669E-3,1.778E-3,1.859E-3
275.0E-3,381.4E-6,701.9E-6,1.205E-3,1.517E-3,1.690E-3,1.802E-3,1.886E-3
280.0E-3,381.4E-6,702.0E-6,1.208E-3,1.531E-3,1.711E-3,1.827E-3,1.913E-3
285.0E-3,381.4E-6,702.1E-6,1.211E-3,1.544E-3,1.732E-3,1.851E-3,1.939E-3
290.0E-3,381.4E-6,702.1E-6,1.214E-3,1.556E-3,1.751E-3,1.875E-3,1.965E-3
295.0E-3,381.4E-6,702.1E-6,1.216E-3,1.568E-3,1.770E-3,1.898E-3,1.991E-3
300.0E-3,381.4E-6,702.0E-6,1.217E-3,1.578E-3,1.789E-3,1.921E-3,2.016E-3
305.0E-3,381.3E-6,702.0E-6,1.219E-3,1.587E-3,1.807E-3,1.943E-3,2.041E-3
310.0E-3,381.3E-6,701.9E-6,1.220E-3,1.596E-3,1.824E-3,1.965E-3,2.065E-3
315.0E-3,381.3E-6,701.8E-6,1.220E-3,1.603E-3,1.840E-3,1.986E-3,2.089E-3
320.0E-3,381.2E-6,701.6E-6,1.221E-3,1.610E-3,1.856E-3,2.007E-3,2.113E-3
325.0E-3,381.2E-6,701.5E-6,1.221E-3,1.616E-3,1.871E-3,2.027E-3,2.137E-3
330.0E-3,381.2E-6,701.4E-6,1.222E-3,1.621E-3,1.885E-3,2.047E-3,2.160E-3
335.0E-3,381.1E-6,701.2E-6,1.222E-3,1.625E-3,1.898E-3,2.067E-3,2.182E-3
340.0E-3,381.1E-6,701.1E-6,1.222E-3,1.629E-3,1.910E-3,2.085E-3,2.204E-3
345.0E-3,381.0E-6,700.9E-6,1.222E-3,1.632E-3,1.921E-3,2.103E-3,2.226E-3
350.0E-3,381.0E-6,700.7E-6,1.222E-3,1.634E-3,1.932E-3,2.121E-3,2.248E-3
355.0E-3,380.9E-6,700.5E-6,1.221E-3,1.636E-3,1.941E-3,2.138E-3,2.269E-3
360.0E-3,380.9E-6,700.4E-6,1.221E-3,1.638E-3,1.950E-3,2.154E-3,2.289E-3
365.0E-3,380.8E-6,700.2E-6,1.221E-3,1.639E-3,1.958E-3,2.169E-3,2.309E-3
370.0E-3,380.7E-6,700.0E-6,1.220E-3,1.640E-3,1.965E-3,2.183E-3,2.328E-3
375.0E-3,380.7E-6,699.8E-6,1.220E-3,1.640E-3,1.971E-3,2.197E-3,2.347E-3
380.0E-3,380.6E-6,699.6E-6,1.219E-3,1.641E-3,1.976E-3,2.210E-3,2.365E-3
385.0E-3,380.6E-6,699.4E-6,1.219E-3,1.641E-3,1.980E-3,2.222E-3,2.383E-3
390.0E-3,380.5E-6,699.2E-6,1.218E-3,1.641E-3,1.984E-3,2.233E-3,2.400E-3
395.0E-3,380.5E-6,699.0E-6,1.218E-3,1.640E-3,1.987E-3,2.243E-3,2.417E-3
400.0E-3,380.4E-6,698.8E-6,1.218E-3,1.640E-3,1.989E-3,2.253E-3,2.432E-3
405.0E-3,380.3E-6,698.7E-6,1.217E-3,1.640E-3,1.991E-3,2.261E-3,2.447E-3
410.0E-3,380.3E-6,698.5E-6,1.216E-3,1.639E-3,1.993E-3,2.269E-3,2.461E-3
415.0E-3,380.2E-6,698.3E-6,1.216E-3,1.638E-3,1.994E-3,2.275E-3,2.475E-3
420.0E-3,380.2E-6,698.1E-6,1.215E-3,1.638E-3,1.994E-3,2.281E-3,2.487E-3
425.0E-3,380.1E-6,697.9E-6,1.215E-3,1.637E-3,1.995E-3,2.286E-3,2.499E-3
430.0E-3,380.1E-6,697.7E-6,1.214E-3,1.636E-3,1.995E-3,2.290E-3,2.510E-3
435.0E-3,380.0E-6,697.5E-6,1.214E-3,1.635E-3,1.994E-3,2.294E-3,2.520E-3
440.0E-3,379.9E-6,697.3E-6,1.213E-3,1.635E-3,1.994E-3,2.297E-3,2.529E-3
445.0E-3,379.9E-6,697.1E-6,1.213E-3,1.634E-3,1.994E-3,2.299E-3,2.537E-3
450.0E-3,379.8E-6,696.9E-6,1.212E-3,1.633E-3,1.993E-3,2.300E-3,2.545E-3
455.0E-3,379.8E-6,696.7E-6,1.212E-3,1.632E-3,1.992E-3,2.302E-3,2.551E-3
460.0E-3,379.7E-6,696.5E-6,1.211E-3,1.631E-3,1.991E-3,2.302E-3,2.557E-3
465.0E-3,379.6E-6,696.3E-6,1.210E-3,1.630E-3,1.990E-3,2.303E-3,2.561E-3
470.0E-3,379.6E-6,696.1E-6,1.210E-3,1.629E-3,1.989E-3,2.303E-3,2.565E-3
475.0E-3,379.5E-6,695.9E-6,1.209E-3,1.628E-3,1.988E-3,2.302E-3,2.569E-3
480.0E-3,379.4E-6,695.7E-6,1.209E-3,1.628E-3,1.987E-3,2.302E-3,2.571E-3
485.0E-3,379.4E-6,695.5E-6,1.208E-3,1.627E-3,1.986E-3,2.301E-3,2.573E-3
490.0E-3,379.3E-6,695.3E-6,1.208E-3,1.626E-3,1.985E-3,2.300E-3,2.574E-3
495.0E-3,379.3E-6,695.1E-6,1.207E-3,1.625E-3,1.984E-3,2.299E-3,2.575E-3
500.0E-3,379.2E-6,694.9E-6,1.207E-3,1.624E-3,1.982E-3,2.298E-3,2.576E-3
505.0E-3,379.1E-6,694.7E-6,1.206E-3,1.623E-3,1.981E-3,2.297E-3,2.576E-3
510.0E-3,379.1E-6,694.5E-6,1.205E-3,1.622E-3,1.980E-3,2.296E-3,2.576E-3
515.0E-3,379.0E-6,694.3E-6,1.205E-3,1.621E-3,1.979E-3,2.294E-3,2.575E-3
520.0E-3,379.0E-6,694.1E-6,1.204E-3,1.620E-3,1.977E-3,2.293E-3,2.574E-3
525.0E-3,378.9E-6,693.9E-6,1.204E-3,1.619E-3,1.976E-3,2.291E-3,2.573E-3
530.0E-3,378.8E-6,693.7E-6,1.203E-3,1.618E-3,1.975E-3,2.290E-3,2.572E-3
535.0E-3,378.8E-6,693.5E-6,1.203E-3,1.617E-3,1.973E-3,2.288E-3,2.571E-3
540.0E-3,378.7E-6,693.3E-6,1.202E-3,1.616E-3,1.972E-3,2.287E-3,2.569E-3
545.0E-3,378.7E-6,693.1E-6,1.202E-3,1.615E-3,1.971E-3,2.285E-3,2.568E-3
550.0E-3,378.6E-6,692.9E-6,1.201E-3,1.614E-3,1.969E-3,2.284E-3,2.566E-3
555.0E-3,378.5E-6,692.7E-6,1.200E-3,1.614E-3,1.968E-3,2.282E-3,2.565E-3
560.0E-3,378.5E-6,692.5E-6,1.200E-3,1.613E-3,1.967E-3,2.280E-3,2.563E-3
565.0E-3,378.4E-6,692.3E-6,1.199E-3,1.612E-3,1.966E-3,2.279E-3,2.561E-3
570.0E-3,378.3E-6,692.1E-6,1.199E-3,1.611E-3,1.964E-3,2.277E-3,2.559E-3
575.0E-3,378.3E-6,691.9E-6,1.198E-3,1.610E-3,1.963E-3,2.275E-3,2.557E-3
580.0E-3,378.2E-6,691.7E-6,1.198E-3,1.609E-3,1.962E-3,2.274E-3,2.555E-3
585.0E-3,378.2E-6,691.5E-6,1.197E-3,1.608E-3,1.960E-3,2.272E-3,2.553E-3
590.0E-3,378.1E-6,691.3E-6,1.197E-3,1.607E-3,1.959E-3,2.270E-3,2.551E-3
595.0E-3,378.0E-6,691.1E-6,1.196E-3,1.606E-3,1.958E-3,2.269E-3,2.550E-3
600.0E-3,378.0E-6,690.9E-6,1.196E-3,1.605E-3,1.956E-3,2.267E-3,2.548E-3
605.0E-3,377.9E-6,690.7E-6,1.195E-3,1.604E-3,1.955E-3,2.266E-3,2.546E-3
610.0E-3,377.9E-6,690.5E-6,1.194E-3,1.603E-3,1.954E-3,2.264E-3,2.544E-3
615.0E-3,377.8E-6,690.3E-6,1.194E-3,1.603E-3,1.953E-3,2.262E-3,2.542E-3
620.0E-3,377.7E-6,690.1E-6,1.193E-3,1.602E-3,1.951E-3,2.261E-3,2.540E-3
625.0E-3,377.7E-6,689.9E-6,1.193E-3,1.601E-3,1.950E-3,2.259E-3,2.538E-3
630.0E-3,377.6E-6,689.7E-6,1.192E-3,1.600E-3,1.949E-3,2.257E-3,2.536E-3
635.0E-3,377.6E-6,689.5E-6,1.192E-3,1.599E-3,1.948E-3,2.256E-3,2.534E-3
640.0E-3,377.5E-6,689.3E-6,1.191E-3,1.598E-3,1.946E-3,2.254E-3,2.532E-3
645.0E-3,377.4E-6,689.1E-6,1.191E-3,1.597E-3,1.945E-3,2.252E-3,2.530E-3
650.0E-3,377.4E-6,688.9E-6,1.190E-3,1.596E-3,1.944E-3,2.251E-3,2.528E-3
655.0E-3,377.3E-6,688.7E-6,1.190E-3,1.595E-3,1.942E-3,2.249E-3,2.526E-3
660.0E-3,377.3E-6,688.5E-6,1.189E-3,1.594E-3,1.941E-3,2.248E-3,2.524E-3
665.0E-3,377.2E-6,688.3E-6,1.189E-3,1.594E-3,1.940E-3,2.246E-3,2.522E-3
670.0E-3,377.1E-6,688.1E-6,1.188E-3,1.593E-3,1.939E-3,2.244E-3,2.520E-3
675.0E-3,377.1E-6,687.9E-6,1.188E-3,1.592E-3,1.937E-3,2.243E-3,2.518E-3
680.0E-3,377.0E-6,687.7E-6,1.187E-3,1.591E-3,1.936E-3,2.241E-3,2.516E-3
685.0E-3,376.9E-6,687.5E-6,1.186E-3,1.590E-3,1.935E-3,2.240E-3,2.514E-3
690.0E-3,376.9E-6,687.4E-6,1.186E-3,1.589E-3,1.934E-3,2.238E-3,2.512E-3
695.0E-3,376.8E-6,687.2E-6,1.185E-3,1.588E-3,1.933E-3,2.236E-3,2.510E-3
700.0E-3,376.8E-6,687.0E-6,1.185E-3,1.587E-3,1.931E-3,2.235E-3,2.509E-3
705.0E-3,376.7E-6,686.8E-6,1.184E-3,1.586E-3,1.930E-3,2.233E-3,2.507E-3
710.0E-3,376.6E-6,686.6E-6,1.184E-3,1.586E-3,1.929E-3,2.232E-3,2.505E-3
715.0E-3,376.6E-6,686.4E-6,1.183E-3,1.585E-3,1.928E-3,2.230E-3,2.503E-3
720.0E-3,376.5E-6,686.2E-6,1.183E-3,1.584E-3,1.926E-3,2.229E-3,2.501E-3
725.0E-3,376.5E-6,686.0E-6,1.182E-3,1.583E-3,1.925E-3,2.227E-3,2.499E-3
730.0E-3,376.4E-6,685.8E-6,1.182E-3,1.582E-3,1.924E-3,2.225E-3,2.497E-3
735.0E-3,376.3E-6,685.6E-6,1.181E-3,1.581E-3,1.923E-3,2.224E-3,2.495E-3
740.0E-3,376.3E-6,685.4E-6,1.181E-3,1.580E-3,1.922E-3,2.222E-3,2.493E-3
745.0E-3,376.2E-6,685.2E-6,1.180E-3,1.579E-3,1.920E-3,2.221E-3,2.491E-3
750.0E-3,376.2E-6,685.0E-6,1.180E-3,1.579E-3,1.919E-3,2.219E-3,2.490E-3
755.0E-3,376.1E-6,684.8E-6,1.179E-3,1.578E-3,1.918E-3,2.218E-3,2.488E-3
760.0E-3,376.0E-6,684.7E-6,1.179E-3,1.577E-3,1.917E-3,2.216E-3,2.486E-3
765.0E-3,376.0E-6,684.5E-6,1.178E-3,1.576E-3,1.915E-3,2.215E-3,2.484E-3
770.0E-3,375.9E-6,684.3E-6,1.178E-3,1.575E-3,1.914E-3,2.213E-3,2.482E-3
775.0E-3,375.9E-6,684.1E-6,1.177E-3,1.574E-3,1.913E-3,2.212E-3,2.480E-3
780.0E-3,375.8E-6,683.9E-6,1.177E-3,1.573E-3,1.912E-3,2.210E-3,2.479E-3
785.0E-3,375.7E-6,683.7E-6,1.176E-3,1.573E-3,1.911E-3,2.209E-3,2.477E-3
790.0E-3,375.7E-6,683.5E-6,1.176E-3,1.572E-3,1.910E-3,2.207E-3,2.475E-3
795.0E-3,375.6E-6,683.3E-6,1.175E-3,1.571E-3,1.908E-3,2.206E-3,2.473E-3
800.0E-3,375.6E-6,683.1E-6,1.175E-3,1.570E-3,1.907E-3,2.204E-3,2.471E-3
805.0E-3,375.5E-6,682.9E-6,1.174E-3,1.569E-3,1.906E-3,2.203E-3,2.469E-3
810.0E-3,375.4E-6,682.7E-6,1.174E-3,1.568E-3,1.905E-3,2.201E-3,2.468E-3
815.0E-3,375.4E-6,682.6E-6,1.173E-3,1.568E-3,1.904E-3,2.200E-3,2.466E-3
820.0E-3,375.3E-6,682.4E-6,1.172E-3,1.567E-3,1.902E-3,2.198E-3,2.464E-3
825.0E-3,375.3E-6,682.2E-6,1.172E-3,1.566E-3,1.901E-3,2.197E-3,2.462E-3
830.0E-3,375.2E-6,682.0E-6,1.171E-3,1.565E-3,1.900E-3,2.195E-3,2.460E-3
835.0E-3,375.1E-6,681.8E-6,1.171E-3,1.564E-3,1.899E-3,2.194E-3,2.459E-3
840.0E-3,375.1E-6,681.6E-6,1.170E-3,1.563E-3,1.898E-3,2.192E-3,2.457E-3
845.0E-3,375.0E-6,681.4E-6,1.170E-3,1.563E-3,1.897E-3,2.191E-3,2.455E-3
850.0E-3,375.0E-6,681.2E-6,1.169E-3,1.562E-3,1.896E-3,2.189E-3,2.453E-3
855.0E-3,374.9E-6,681.0E-6,1.169E-3,1.561E-3,1.894E-3,2.188E-3,2.452E-3
860.0E-3,374.9E-6,680.9E-6,1.168E-3,1.560E-3,1.893E-3,2.186E-3,2.450E-3
865.0E-3,374.8E-6,680.7E-6,1.168E-3,1.559E-3,1.892E-3,2.185E-3,2.448E-3
870.0E-3,374.7E-6,680.5E-6,1.167E-3,1.558E-3,1.891E-3,2.183E-3,2.446E-3
875.0E-3,374.7E-6,680.3E-6,1.167E-3,1.558E-3,1.890E-3,2.182E-3,2.445E-3
880.0E-3,374.6E-6,680.1E-6,1.166E-3,1.557E-3,1.889E-3,2.181E-3,2.443E-3
885.0E-3,374.6E-6,679.9E-6,1.166E-3,1.556E-3,1.888E-3,2.179E-3,2.441E-3
890.0E-3,374.5E-6,679.7E-6,1.165E-3,1.555E-3,1.886E-3,2.178E-3,2.439E-3
895.0E-3,374.4E-6,679.6E-6,1.165E-3,1.554E-3,1.885E-3,2.176E-3,2.438E-3
900.0E-3,374.4E-6,679.4E-6,1.165E-3,1.553E-3,1.884E-3,2.175E-3,2.436E-3
905.0E-3,374.3E-6,679.2E-6,1.164E-3,1.553E-3,1.883E-3,2.173E-3,2.434E-3
910.0E-3,374.3E-6,679.0E-6,1.164E-3,1.552E-3,1.882E-3,2.172E-3,2.432E-3
915.0E-3,374.2E-6,678.8E-6,1.163E-3,1.551E-3,1.881E-3,2.170E-3,2.431E-3
920.0E-3,374.2E-6,678.6E-6,1.163E-3,1.550E-3,1.880E-3,2.169E-3,2.429E-3
925.0E-3,374.1E-6,678.4E-6,1.162E-3,1.549E-3,1.879E-3,2.168E-3,2.427E-3
930.0E-3,374.0E-6,678.3E-6,1.162E-3,1.549E-3,1.877E-3,2.166E-3,2.426E-3
935.0E-3,374.0E-6,678.1E-6,1.161E-3,1.548E-3,1.876E-3,2.165E-3,2.424E-3
940.0E-3,373.9E-6,677.9E-6,1.161E-3,1.547E-3,1.875E-3,2.163E-3,2.422E-3
945.0E-3,373.9E-6,677.7E-6,1.160E-3,1.546E-3,1.874E-3,2.162E-3,2.421E-3
950.0E-3,373.8E-6,677.5E-6,1.160E-3,1.545E-3,1.873E-3,2.161E-3,2.419E-3
955.0E-3,373.8E-6,677.3E-6,1.159E-3,1.545E-3,1.872E-3,2.159E-3,2.417E-3
960.0E-3,373.7E-6,677.2E-6,1.159E-3,1.544E-3,1.871E-3,2.158E-3,2.416E-3
965.0E-3,373.7E-6,677.0E-6,1.158E-3,1.543E-3,1.870E-3,2.156E-3,2.414E-3
970.0E-3,373.6E-6,676.8E-6,1.158E-3,1.542E-3,1.869E-3,2.155E-3,2.412E-3
975.0E-3,373.6E-6,676.6E-6,1.157E-3,1.541E-3,1.868E-3,2.154E-3,2.411E-3
980.0E-3,373.5E-6,676.4E-6,1.157E-3,1.541E-3,1.866E-3,2.152E-3,2.409E-3
985.0E-3,373.5E-6,676.3E-6,1.156E-3,1.540E-3,1.865E-3,2.151E-3,2.407E-3
990.0E-3,373.4E-6,676.1E-6,1.156E-3,1.539E-3,1.864E-3,2.150E-3,2.406E-3
995.0E-3,373.4E-6,675.9E-6,1.155E-3,1.538E-3,1.863E-3,2.148E-3,2.404E-3
1.000,373.3E-6,675.7E-6,1.155E-3,1.538E-3,1.862E-3,2.147E-3,2.402E-3
1.005,373.3E-6,675.5E-6,1.154E-3,1.537E-3,1.861E-3,2.145E-3,2.401E-3
1.010,373.2E-6,675.4E-6,1.154E-3,1.536E-3,1.860E-3,2.144E-3,2.399E-3
1.015,373.2E-6,675.2E-6,1.153E-3,1.535E-3,1.859E-3,2.143E-3,2.397E-3
1.020,373.1E-6,675.0E-6,1.153E-3,1.534E-3,1.858E-3,2.141E-3,2.396E-3
1.025,373.1E-6,674.8E-6,1.152E-3,1.534E-3,1.857E-3,2.140E-3,2.394E-3
1.030,373.1E-6,674.7E-6,1.152E-3,1.533E-3,1.856E-3,2.139E-3,2.393E-3
1.035,373.0E-6,674.5E-6,1.151E-3,1.532E-3,1.855E-3,2.137E-3,2.391E-3
1.040,373.0E-6,674.3E-6,1.151E-3,1.531E-3,1.854E-3,2.136E-3,2.389E-3
1.045,373.0E-6,674.2E-6,1.151E-3,1.531E-3,1.852E-3,2.135E-3,2.388E-3
1.050,372.9E-6,674.0E-6,1.150E-3,1.530E-3,1.851E-3,2.133E-3,2.386E-3
1.055,372.9E-6,673.8E-6,1.150E-3,1.529E-3,1.850E-3,2.132E-3,2.385E-3
1.060,372.9E-6,673.7E-6,1.149E-3,1.528E-3,1.849E-3,2.131E-3,2.383E-3
1.065,372.9E-6,673.5E-6,1.149E-3,1.527E-3,1.848E-3,2.129E-3,2.381E-3
1.070,372.8E-6,673.4E-6,1.148E-3,1.527E-3,1.847E-3,2.128E-3,2.380E-3
1.075,372.8E-6,673.2E-6,1.148E-3,1.526E-3,1.846E-3,2.127E-3,2.378E-3
1.080,372.8E-6,673.1E-6,1.147E-3,1.525E-3,1.845E-3,2.125E-3,2.377E-3
1.085,372.8E-6,672.9E-6,1.147E-3,1.524E-3,1.844E-3,2.124E-3,2.375E-3
1.090,372.8E-6,672.8E-6,1.146E-3,1.524E-3,1.843E-3,2.123E-3,2.373E-3
1.095,372.8E-6,672.6E-6,1.146E-3,1.523E-3,1.842E-3,2.121E-3,2.372E-3
1.100,372.8E-6,672.5E-6,1.145E-3,1.522E-3,1.841E-3,2.120E-3,2.370E-3
1.105,372.8E-6,672.3E-6,1.145E-3,1.521E-3,1.840E-3,2.119E-3,2.369E-3
1.110,372.8E-6,672.2E-6,1.145E-3,1.521E-3,1.839E-3,2.118E-3,2.367E-3
1.115,372.8E-6,672.1E-6,1.144E-3,1.520E-3,1.838E-3,2.116E-3,2.366E-3
1.120,372.8E-6,671.9E-6,1.144E-3,1.519E-3,1.837E-3,2.115E-3,2.364E-3
1.125,372.9E-6,671.8E-6,1.143E-3,1.518E-3,1.836E-3,2.114E-3,2.363E-3
1.130,372.9E-6,671.7E-6,1.143E-3,1.518E-3,1.835E-3,2.112E-3,2.361E-3
1.135,372.9E-6,671.6E-6,1.142E-3,1.517E-3,1.834E-3,2.111E-3,2.360E-3
1.140,373.0E-6,671.5E-6,1.142E-3,1.516E-3,1.833E-3,2.110E-3,2.358E-3
1.145,373.0E-6,671.4E-6,1.141E-3,1.516E-3,1.832E-3,2.109E-3,2.356E-3
1.150,373.1E-6,671.3E-6,1.141E-3,1.515E-3,1.831E-3,2.107E-3,2.355E-3
1.155,373.1E-6,671.2E-6,1.141E-3,1.514E-3,1.830E-3,2.106E-3,2.353E-3
1.160,373.2E-6,671.1E-6,1.140E-3,1.513E-3,1.829E-3,2.105E-3,2.352E-3
1.165,373.3E-6,671.0E-6,1.140E-3,1.513E-3,1.828E-3,2.103E-3,2.350E-3
1.170,373.4E-6,670.9E-6,1.139E-3,1.512E-3,1.827E-3,2.102E-3,2.349E-3
1.175,373.5E-6,670.9E-6,1.139E-3,1.511E-3,1.826E-3,2.101E-3,2.347E-3
1.180,373.6E-6,670.8E-6,1.139E-3,1.510E-3,1.825E-3,2.100E-3,2.346E-3
1.185,373.7E-6,670.8E-6,1.138E-3,1.510E-3,1.824E-3,2.098E-3,2.344E-3
1.190,373.8E-6,670.7E-6,1.138E-3,1.509E-3,1.823E-3,2.097E-3,2.343E-3
1.195,373.9E-6,670.7E-6,1.137E-3,1.508E-3,1.822E-3,2.096E-3,2.341E-3
1.200,374.1E-6,670.7E-6,1.137E-3,1.508E-3,1.821E-3,2.095E-3,2.340E-3
1.205,374.2E-6,670.6E-6,1.137E-3,1.507E-3,1.820E-3,2.093E-3,2.338E-3
1.210,374.4E-6,670.6E-6,1.136E-3,1.506E-3,1.819E-3,2.092E-3,2.337E-3
1.215,374.6E-6,670.7E-6,1.136E-3,1.506E-3,1.818E-3,2.091E-3,2.335E-3
1.220,374.8E-6,670.7E-6,1.135E-3,1.505E-3,1.817E-3,2.090E-3,2.334E-3
1.225,375.0E-6,670.7E-6,1.135E-3,1.504E-3,1.816E-3,2.089E-3,2.333E-3
1.230,375.2E-6,670.8E-6,1.135E-3,1.503E-3,1.815E-3,2.087E-3,2.331E-3
1.235,375.5E-6,670.8E-6,1.134E-3,1.503E-3,1.814E-3,2.086E-3,2.330E-3
1.240,375.7E-6,670.9E-6,1.134E-3,1.502E-3,1.813E-3,2.085E-3,2.328E-3
1.245,376.0E-6,671.0E-6,1.134E-3,1.501E-3,1.812E-3,2.084E-3,2.327E-3
1.250,376.3E-6,671.1E-6,1.133E-3,1.501E-3,1.811E-3,2.082E-3,2.325E-3
1.255,376.6E-6,671.2E-6,1.133E-3,1.500E-3,1.810E-3,2.081E-3,2.324E-3
1.260,376.9E-6,671.4E-6,1.133E-3,1.500E-3,1.809E-3,2.080E-3,2.322E-3
1.265,377.3E-6,671.5E-6,1.133E-3,1.499E-3,1.808E-3,2.079E-3,2.321E-3
1.270,377.6E-6,671.7E-6,1.132E-3,1.498E-3,1.807E-3,2.078E-3,2.320E-3
1.275,378.0E-6,671.9E-6,1.132E-3,1.498E-3,1.806E-3,2.076E-3,2.318E-3
1.280,378.4E-6,672.1E-6,1.132E-3,1.497E-3,1.806E-3,2.075E-3,2.317E-3
1.285,378.8E-6,672.3E-6,1.132E-3,1.496E-3,1.805E-3,2.074E-3,2.315E-3
1.290,379.3E-6,672.6E-6,1.131E-3,1.496E-3,1.804E-3,2.073E-3,2.314E-3
1.295,379.8E-6,672.9E-6,1.131E-3,1.495E-3,1.803E-3,2.072E-3,2.312E-3
1.300,380.3E-6,673.2E-6,1.131E-3,1.495E-3,1.802E-3,2.071E-3,2.311E-3
1.305,380.8E-6,673.5E-6,1.131E-3,1.494E-3,1.801E-3,2.069E-3,2.310E-3
1.310,381.3E-6,673.9E-6,1.131E-3,1.494E-3,1.800E-3,2.068E-3,2.308E-3
1.315,381.9E-6,674.2E-6,1.131E-3,1.493E-3,1.799E-3,2.067E-3,2.307E-3
1.320,382.5E-6,674.6E-6,1.131E-3,1.493E-3,1.798E-3,2.066E-3,2.305E-3
1.325,383.2E-6,675.1E-6,1.130E-3,1.492E-3,1.798E-3,2.065E-3,2.304E-3
1.330,383.8E-6,675.5E-6,1.130E-3,1.492E-3,1.797E-3,2.064E-3,2.303E-3
1.335,384.5E-6,676.0E-6,1.130E-3,1.491E-3,1.796E-3,2.063E-3,2.301E-3
1.340,385.3E-6,676.6E-6,1.130E-3,1.491E-3,1.795E-3,2.062E-3,2.300E-3
1.345,386.0E-6,677.1E-6,1.130E-3,1.490E-3,1.794E-3,2.060E-3,2.299E-3
1.350,386.9E-6,677.7E-6,1.130E-3,1.490E-3,1.793E-3,2.059E-3,2.297E-3
1.355,387.7E-6,678.3E-6,1.130E-3,1.489E-3,1.793E-3,2.058E-3,2.296E-3
1.360,388.6E-6,679.0E-6,1.130E-3,1.489E-3,1.792E-3,2.057E-3,2.295E-3
1.365,389.5E-6,679.7E-6,1.131E-3,1.489E-3,1.791E-3,2.056E-3,2.293E-3
1.370,390.4E-6,680.5E-6,1.131E-3,1.488E-3,1.790E-3,2.055E-3,2.292E-3
1.375,391.4E-6,681.2E-6,1.131E-3,1.488E-3,1.790E-3,2.054E-3,2.291E-3
1.380,392.5E-6,682.1E-6,1.131E-3,1.488E-3,1.789E-3,2.053E-3,2.289E-3
1.385,393.6E-6,682.9E-6,1.131E-3,1.487E-3,1.788E-3,2.052E-3,2.288E-3
1.390,394.7E-6,683.9E-6,1.132E-3,1.487E-3,1.788E-3,2.051E-3,2.287E-3
1.395,395.9E-6,684.8E-6,1.132E-3,1.487E-3,1.787E-3,2.050E-3,2.285E-3
1.400,397.1E-6,685.8E-6,1.132E-3,1.487E-3,1.786E-3,2.049E-3,2.284E-3
1.405,398.4E-6,686.9E-6,1.133E-3,1.486E-3,1.786E-3,2.048E-3,2.283E-3
1.410,399.7E-6,688.0E-6,1.133E-3,1.486E-3,1.785E-3,2.047E-3,2.282E-3
1.415,401.1E-6,689.2E-6,1.133E-3,1.486E-3,1.785E-3,2.046E-3,2.280E-3
1.420,402.6E-6,690.4E-6,1.134E-3,1.486E-3,1.784E-3,2.045E-3,2.279E-3
1.425,404.1E-6,691.6E-6,1.135E-3,1.486E-3,1.783E-3,2.044E-3,2.278E-3
1.430,405.7E-6,693.0E-6,1.135E-3,1.486E-3,1.783E-3,2.043E-3,2.277E-3
1.435,407.3E-6,694.3E-6,1.136E-3,1.486E-3,1.782E-3,2.043E-3,2.276E-3
1.440,409.0E-6,695.8E-6,1.136E-3,1.486E-3,1.782E-3,2.042E-3,2.275E-3
1.445,410.7E-6,697.3E-6,1.137E-3,1.486E-3,1.782E-3,2.041E-3,2.273E-3
1.450,412.6E-6,698.9E-6,1.138E-3,1.486E-3,1.781E-3,2.040E-3,2.272E-3
1.455,414.5E-6,700.5E-6,1.139E-3,1.486E-3,1.781E-3,2.039E-3,2.271E-3
1.460,416.4E-6,702.2E-6,1.140E-3,1.486E-3,1.781E-3,2.039E-3,2.270E-3
1.465,418.5E-6,704.0E-6,1.141E-3,1.487E-3,1.780E-3,2.038E-3,2.269E-3
1.470,420.6E-6,705.8E-6,1.142E-3,1.487E-3,1.780E-3,2.037E-3,2.268E-3
1.475,422.8E-6,707.8E-6,1.143E-3,1.487E-3,1.780E-3,2.037E-3,2.267E-3
1.480,425.1E-6,709.7E-6,1.144E-3,1.488E-3,1.780E-3,2.036E-3,2.266E-3
1.485,427.4E-6,711.8E-6,1.145E-3,1.488E-3,1.779E-3,2.035E-3,2.265E-3
1.490,429.9E-6,714.0E-6,1.146E-3,1.489E-3,1.779E-3,2.035E-3,2.264E-3
1.495,432.4E-6,716.2E-6,1.147E-3,1.489E-3,1.779E-3,2.034E-3,2.263E-3
1.500,435.1E-6,718.5E-6,1.149E-3,1.490E-3,1.779E-3,2.034E-3,2.262E-3
1.505,437.8E-6,720.9E-6,1.150E-3,1.490E-3,1.779E-3,2.033E-3,2.261E-3
1.510,440.6E-6,723.4E-6,1.152E-3,1.491E-3,1.779E-3,2.033E-3,2.260E-3
1.515,443.6E-6,726.0E-6,1.153E-3,1.492E-3,1.779E-3,2.032E-3,2.260E-3
1.520,446.6E-6,728.7E-6,1.155E-3,1.493E-3,1.779E-3,2.032E-3,2.259E-3
1.525,449.8E-6,731.5E-6,1.157E-3,1.494E-3,1.780E-3,2.032E-3,2.258E-3
1.530,453.0E-6,734.3E-6,1.159E-3,1.494E-3,1.780E-3,2.031E-3,2.257E-3
1.535,456.4E-6,737.3E-6,1.161E-3,1.495E-3,1.780E-3,2.031E-3,2.257E-3
1.540,459.9E-6,740.4E-6,1.163E-3,1.497E-3,1.781E-3,2.031E-3,2.256E-3
1.545,463.5E-6,743.6E-6,1.165E-3,1.498E-3,1.781E-3,2.031E-3,2.255E-3
1.550,467.2E-6,746.9E-6,1.167E-3,1.499E-3,1.782E-3,2.031E-3,2.255E-3
1.555,471.1E-6,750.3E-6,1.169E-3,1.500E-3,1.782E-3,2.031E-3,2.254E-3
1.560,475.1E-6,753.8E-6,1.171E-3,1.502E-3,1.783E-3,2.031E-3,2.254E-3
1.565,479.2E-6,757.4E-6,1.174E-3,1.503E-3,1.783E-3,2.031E-3,2.253E-3
1.570,483.5E-6,761.1E-6,1.176E-3,1.505E-3,1.784E-3,2.031E-3,2.253E-3
1.575,487.9E-6,765.0E-6,1.179E-3,1.506E-3,1.785E-3,2.031E-3,2.253E-3
1.580,492.5E-6,769.0E-6,1.182E-3,1.508E-3,1.786E-3,2.031E-3,2.252E-3
1.585,497.2E-6,773.1E-6,1.185E-3,1.510E-3,1.787E-3,2.031E-3,2.252E-3
1.590,502.1E-6,777.4E-6,1.187E-3,1.512E-3,1.788E-3,2.032E-3,2.252E-3
1.595,507.1E-6,781.7E-6,1.191E-3,1.513E-3,1.789E-3,2.032E-3,2.252E-3
1.600,512.3E-6,786.3E-6,1.194E-3,1.516E-3,1.790E-3,2.033E-3,2.252E-3
